Time [s],Intensity [W/sr],Altitude [km],Latitude [deg],Longitude [deg]
-1.097,-150000000.0,53.71502910428835,49.32536788858578,-174.44113538366693
-1.093,3040000000.0,53.69400195055406,49.325539389326885,-174.44239500907176
-1.09,4660000000.0,53.67823158525335,49.32566800589947,-174.4433397338837
-1.087,2590000000.0,53.66246121995263,49.32579661477207,-174.44428446363108
-1.083,5510000000.0,53.641434066218345,49.32596808129094,-174.4455441109711
-1.08,5850000000.0,53.625663700917634,49.326096672196584,-174.4464888522335
-1.077,1790000000.0,53.60989333561692,49.32622525540198,-174.44743359843045
-1.073,1310000000.0,53.588866181882636,49.32639668769754,-174.44869326770205
-1.07,3020000000.0,53.57309581658192,49.32652525293538,-174.44963802541216
-1.067,-734000000.0,53.55732545128121,49.32665381047275,-174.450582788056
-1.063,-196000000.0,53.53629829754692,49.326825208543866,-174.4518424792555
-1.06,-1840000000.0,53.52052793224621,49.3269537481131,-174.45278725341052
-1.056,2130000000.0,53.49950077851192,49.32712512222646,-174.45404695995734
-1.053,1620000000.0,53.483730413211205,49.32725364382716,-174.4549917456222
-1.05,2430000000.0,53.467960047910495,49.32738215772694,-174.45593653621944
-1.046,-8570000.0,53.44693289417621,49.32755349761398,-174.45719626468792
-1.043,165000000.0,53.4311625288755,49.32768199354464,-174.45814106679308
-1.04,-1940000000.0,53.415392163574786,49.32781048177413,-174.45908587382974
-1.036,-1920000000.0,53.3943650098405,49.327981787433714,-174.4603456242162
-1.033,-2400000000.0,53.37859464453979,49.3281102576935,-174.4612904427589
-1.029,116000000.0,53.35756749080549,49.3282815393932,-174.46255020848574
-1.026,-2690000000.0,53.34179712550478,49.32840999168289,-174.46349503853304
-1.023,-4430000000.0,53.32602676020407,49.328538436270975,-174.46443987351049
-1.016,1870000000.0,53.289229241169075,49.32883811035874,-174.46664450762927
-1.012,-232000000.0,53.26820208743478,49.329009333867916,-174.46790431060393
-1.009,551000000.0,53.25243172213407,49.3291377425142,-174.46884916858548
-1.002,-1050000000.0,53.21563420309907,49.32943733273642,-174.4710538563759
-0.999,3560000000.0,53.19986383779836,49.329565715709,-174.47199873078563
-0.996,3060000000.0,53.184093472497636,49.329694090979295,-174.47294361012322
-0.992,-1590000000.0,53.16306631876336,49.32986524602491,-174.47420345690526
-0.989,2630000000.0,53.147295953462645,49.32999360332293,-174.47514834774037
-0.985,3630000000.0,53.12626879972836,49.330164734405265,-174.47640820985154
-0.982,1940000000.0,53.11049843442765,49.3302930737306,-174.4773531121828
-0.979,4490000000.0,53.09472806912693,49.33042140535326,-174.47829801944062
-0.975,1500000000.0,53.07370091539265,49.33059250220134,-174.4795579034474
-0.972,1170000000.0,53.05793055009193,49.330720815850725,-174.4805028221994
-0.969,-732000000.0,53.042160184791214,49.330849121797165,-174.48144774587712
-0.965,785000000.0,53.021133031056934,49.331020184409915,-174.48270765177583
-0.962,3530000000.0,53.00536266575622,49.331148472382495,-174.48365258694588
-0.959,1430000000.0,52.989592300455506,49.33127675265188,-174.48459752704076
-0.955,2390000000.0,52.96856514672122,49.331447781028174,-174.48585745482774
-0.952,6230000000.0,52.9527947814205,49.33157604332314,-174.486802406413
-0.948,941000000.0,52.93176762768622,49.331747047733245,-174.4880623495196
-0.945,467000000.0,52.91599726238551,49.33187529205337,-174.4890073125939
-0.942,1900000000.0,52.90022689708479,49.33200352866986,-174.48995228059167
-0.935,-795000000.0,52.863429378049794,49.332302717482705,-174.49215722506514
-0.928,-6020000000.0,52.8266318590148,49.33260186435221,-174.49436219633964
-0.921,2690000000.0,52.7898343399798,49.332900969277446,-174.49656719441197
-0.918,-3120000000.0,52.77406397467908,49.33302914426221,-174.49751220178845
-0.915,-2670000000.0,52.75829360937836,49.33315731154267,-174.4984572140862
-0.911,2310000000.0,52.73726645564409,49.33332818926539,-174.49971723813798
-0.908,3300000000.0,52.721496090343365,49.33345633856885,-174.5006622619176
-0.904,1190000000.0,52.700468936609084,49.33362719232195,-174.50192230127766
-0.901,1520000000.0,52.684698571308374,49.33375532364802,-174.50286733653786
-0.898,4880000000.0,52.66892820600765,49.33388344726935,-174.50381237671783
-0.894,1130000000.0,52.647901052273376,49.33405426677921,-174.5050724379438
-0.891,-1090000000.0,52.63213068697265,49.33418237242257,-174.5060174896024
-0.888,80600000.0,52.61636032167194,49.33431047036095,-174.50696254618003
-0.884,3470000000.0,52.59533316793766,49.33448125562647,-174.50822262926818
-0.881,1590000000.0,52.57956280263694,49.33460933558627,-174.50916769732245
-0.877,4040000000.0,52.55853564890266,49.33478009688011,-174.510427795712
-0.874,3300000000.0,52.54276528360194,49.33490815886093,-174.51137287524162
-0.871,-2380000000.0,52.52699491830123,49.33503621313636,-174.51231795968886
-0.867,131000000.0,52.50596776456695,49.335206940183944,-174.51357807993432
-0.864,75300000.0,52.49019739926623,49.335334976479814,-174.51452317585495
-0.861,3580000000.0,52.47442703396552,49.33546300507002,-174.51546827669236
-0.851,2080000000.0,52.4218591496298,49.3358897113845,-174.51861864832384
-0.847,-353000000.0,52.400831995895516,49.33606036993632,-174.51987881227018
-0.844,3700000000.0,52.385061630594805,49.33618835485974,-174.52082394096453
-0.84,2430000000.0,52.36403447686052,49.33635898943698,-174.52208412020272
-0.837,3790000000.0,52.34826411155981,49.33648695637928,-174.5230292603653
-0.834,3070000000.0,52.33249374625909,49.336614915615264,-174.5239744054424
-0.83,266000000.0,52.3114665925248,49.336785515942154,-174.52523460652293
-0.827,-773000000.0,52.29569622722409,49.33691345719642,-174.5261797630663
-0.824,916000000.0,52.27992586192338,49.3370413907441,-174.52712492452338
-0.82,6030000000.0,52.25889870818909,49.337211956819544,-174.52838514744258
-0.817,6850000000.0,52.24312834288838,49.33733987238493,-174.529330320364
-0.813,3670000000.0,52.222101189154095,49.33751041448371,-174.5305905585681
-0.81,2410000000.0,52.20633082385338,49.33763831206639,-174.5315357429525
-0.807,2820000000.0,52.19056045855267,49.337766201942074,-174.5324809322492
-0.803,-267000000.0,52.16953330481838,49.33793670978751,-174.53374119228573
-0.8,4590000000.0,52.15376293951767,49.3380645816799,-174.53468639304347
-0.796,5220000000.0,52.13273578578338,49.33823506554735,-174.5359466683605
-0.793,2250000000.0,52.116965420482664,49.33836291945605,-174.53689188057794
-0.79,1580000000.0,52.101195055181954,49.338490765657305,-174.5378370977063
-0.786,1260000000.0,52.080167901447666,49.33866121526955,-174.53909739484948
-0.783,6650000000.0,52.064397536146956,49.33878904348654,-174.5400426234356
-0.78,6460000000.0,52.048627170846245,49.338916863995856,-174.54098785693176
-0.776,3400000000.0,52.02760001711196,49.339087279351766,-174.54224817589747
-0.773,7260000000.0,52.01182965181124,49.339215081876226,-174.5431934208495
-0.766,-1950000000.0,51.97503213277624,49.33951325779124,-174.54539901149522
-0.763,2270000000.0,51.95926176747553,49.33964103462233,-174.5463442728104
-0.759,-224000000.0,51.938234613741244,49.339811391739936,-174.54760462886583
-0.756,-669000000.0,51.922464248440534,49.33993915058519,-174.54854990163352
-0.753,976000000.0,51.906693883139816,49.340066901722075,-174.54949517930908
-0.749,3510000000.0,51.88566672940553,49.34023722458037,-174.5507555571771
-0.746,3750000000.0,51.86989636410482,49.340364957730834,-174.55170084630325
-0.743,2730000000.0,51.85412599880411,49.3404926831727,-174.55264614033638
-0.739,-481000000.0,51.83309884506982,49.34066297177058,-174.5539065400133
-0.736,1400000000.0,51.81732847976911,49.34079067922543,-174.55485184549514
-0.732,7670000000.0,51.79630132603482,49.34096094384035,-174.556112260436
-0.729,3210000000.0,51.780530960734104,49.34108863330776,-174.55705757736519
-0.726,3610000000.0,51.764760595433394,49.34121631506618,-174.55800289919998
-0.719,3680000000.0,51.727963076398396,49.34151420918919,-174.56020866922364
-0.716,1080000000.0,51.712192711097686,49.34164186525033,-174.56115400740856
-0.712,-568000000.0,51.69116555736339,49.341812061339525,-174.56241446595098
-0.709,2990000000.0,51.67539519206268,49.34193969941209,-174.5633598155794
-0.705,-1120000000.0,51.65436803832839,49.342109871516236,-174.5646202893789
-0.699,-1930000000.0,51.62282730772697,49.34236510397366,-174.56651101642325
-0.695,2090000000.0,51.601800153992684,49.34253524181252,-174.56777151201538
-0.692,2130000000.0,51.58602978869197,49.34266283619681,-174.56871688942942
-0.688,3350000000.0,51.56500263495768,49.342832950049285,-174.56997740027424
-0.685,1700000000.0,51.54923226965697,49.342960526443605,-174.5709227891271
-0.682,-925000000.0,51.53346190435626,49.34308809512781,-174.5718681828819
-0.678,4270000000.0,51.51243475062197,49.34325817471312,-174.57312871551315
-0.672,-1430000000.0,51.48089402002054,49.34351326839005,-174.57501953079765
-0.668,8910000.0,51.459866866286255,49.34368331370706,-174.57628008521158
-0.665,2300000000.0,51.444096500985545,49.343810838699206,-174.57722550673932
-0.661,-2110000000.0,51.42306934725126,49.343980860027756,-174.57848607639895
-0.658,-1850000000.0,51.40729898195055,49.34410836702834,-174.57943150936032
-0.655,-1050000000.0,51.39152861664983,49.344235866318144,-174.5803769472214
-0.651,-3340000000.0,51.37050146291555,49.34440585337653,-174.58163753865745
-0.648,-3140000000.0,51.35473109761483,49.34453333467421,-174.5825829879502
-0.645,-1010000000.0,51.33896073231412,49.34466080826085,-174.58352844214178
-0.641,-122000000.0,51.31793357857983,49.344830761047966,-174.58478905535063
-0.635,-2520000000.0,51.286392847978405,49.34508566452454,-174.58667999149134
-0.631,1960000000.0,51.26536569424412,49.345255583039275,-174.58794062646925
-0.628,2000000000.0,51.24959532894341,49.345383012928615,-174.5888861084164
-0.624,166000000.0,51.22856817520912,49.34555290745204,-174.59014675863048
-0.621,-2940000000.0,51.21279780990841,49.34568031934769,-174.59109225200407
-0.618,-682000000.0,51.19702744460769,49.34580772353163,-174.59203775027433
-0.614,-4860000000.0,51.17600029087341,49.345977583780794,-174.59329842225117
-0.611,-24300000.0,51.16022992557269,49.34610496997046,-174.59424393194593
-0.608,2210000000.0,51.144459560271976,49.34623234844818,-174.59518944653647
-0.601,-2160000000.0,51.10766204123698,49.346529534904825,-174.59739566628554
-0.597,1800000000.0,51.0866348875027,49.34669933688519,-174.59865637525067
-0.594,3560000000.0,51.07086452220199,49.34682667937278,-174.59960191268502
-0.591,2510000000.0,51.05509415690126,49.346954014148,-174.6005474550137
-0.587,7850000000.0,51.03406700316698,49.34712378185113,-174.6018081857317
-0.584,5230000000.0,51.01829663786627,49.34725109863051,-174.60275373947965
-0.577,-1440000000.0,50.98149911883127,49.34754814112202,-174.60496005058835
-0.574,-2470000000.0,50.96572875353055,49.347675432192354,-174.6059056206472
-0.57,-1000000000.0,50.944701599796275,49.34784514162162,-174.60716638833657
-0.567,3690000000.0,50.92893123449556,49.34797241469511,-174.6081119698114
-0.564,2440000000.0,50.91316086919484,49.348099680055554,-174.60905755617839
-0.557,6830000000.0,50.87636335015984,49.34839660256762,-174.61126394339163
-0.553,4980000000.0,50.85533619642556,49.348566253719845,-174.6125247480417
-0.55,7820000000.0,50.839565831124844,49.348693483085064,-174.61347035723537
-0.547,3210000000.0,50.823795465824126,49.348820704736795,-174.61441597131983
-0.54,-558000000.0,50.78699794678913,49.34911752526028,-174.61662242320165
-0.537,-537000000.0,50.77122758148842,49.349244721199895,-174.61756805358675
-0.533,2830000000.0,50.75020042775414,49.3494143037868,-174.61882890170628
-0.53,397000000.0,50.73443006245341,49.34954148172745,-174.61977454350017
-0.527,-252000000.0,50.7186596971527,49.349668651954126,-174.62072019018316
-0.523,3830000000.0,50.697632543418415,49.34983820025672,-174.6219810600319
-0.52,5210000000.0,50.681862178117704,49.34996535248385,-174.62292671812176
-0.516,619000000.0,50.660835024383424,49.35013487678677,-174.62418760317877
-0.513,3030000000.0,50.645064659082706,49.35026201101393,-174.62513327267408
-0.51,4260000000.0,50.62929429378199,49.35038913752671,-174.6260789470571
-0.506,-203000000.0,50.60826714004771,49.35055862754343,-174.62733985383704
-0.503,10300000000.0,50.59249677474699,49.35068573605567,-174.62828553962362
-0.5,14100000000.0,50.57672640944628,49.35081283685326,-174.629231230297
-0.496,4500000000.0,50.55569925571199,49.350982292582685,-174.6304921587962
-0.493,-1490000000.0,50.539928890411275,49.35110937537916,-174.63143786087122
-0.486,4820000000.0,50.50313137137628,49.35140587190177,-174.63364451804694
-0.483,2060000000.0,50.48736100607557,49.35153292898165,-174.63459023640763
-0.479,1940000000.0,50.46633385234128,49.351702326420146,-174.63585120182103
-0.476,4130000000.0,50.45056348704057,49.35182936549793,-174.63679693158008
-0.469,-397000000.0,50.41376596800556,49.352125760008626,-174.63900365334635
-0.466,-106000000.0,50.39799560270485,49.352252773368406,-174.63994939938638
-0.462,5580000000.0,50.376968448970565,49.35242211251278,-174.6412104017033
-0.456,1820000000.0,50.345427718369145,49.352676095510446,-174.64310192145655
-0.452,2520000000.0,50.32440056463485,49.35284540036267,-174.64436294547644
-0.449,754000000.0,50.30863019933414,49.352972369999954,-174.64530871918777
-0.445,4750000000.0,50.28760304559985,49.35314165084703,-174.64656975839753
-0.442,3690000000.0,50.27183268029914,49.35326860248025,-174.64751554350056
-0.439,3290000000.0,50.25606231499843,49.35339554639731,-174.64846133348536
-0.435,3320000000.0,50.23503516126414,49.35356479295036,-174.64972239439183
-0.432,2140000000.0,50.219264795963426,49.35369171886278,-174.6506681957664
-0.429,6160000000.0,50.203494430662715,49.353818637058794,-174.65161400202192
-0.425,6130000000.0,50.18246727692843,49.35398784931672,-174.65287508462134
-0.422,2400000000.0,50.16669691162772,49.35411474950749,-174.6538209022647
-0.415,1040000000.0,50.12989939259272,49.354410819943304,-174.6560278290769
-0.412,5640000000.0,50.114129027292,49.35453769441163,-174.65697366298625
-0.408,4500000000.0,50.093101873557714,49.35470684836531,-174.65823478245528
-0.405,6180000000.0,50.077331508257004,49.35483370482741,-174.65918062774915
-0.402,8990000000.0,50.06156114295629,49.354960553572454,-174.66012647792172
-0.398,8150000000.0,50.040533989222006,49.35512967322803,-174.66138761907374
-0.395,5300000000.0,50.02476362392129,49.35525650396627,-174.6623334806289
-0.392,338000000.0,50.00899325862058,49.35538332698719,-174.66327934706192
-0.388,4830000000.0,49.98796610488629,49.35555241234356,-174.66454050989327
-0.385,3880000000.0,49.97219573958558,49.35567921735711,-174.66548638770692
-0.381,6840000000.0,49.95116858585129,49.355848278703384,-174.66674756571155
-0.378,4330000000.0,49.93539822055058,49.35597506570917,-174.6676934549045
-0.375,145000000.0,49.91962785524987,49.35610184499719,-174.6686393489739
-0.371,-2120000000.0,49.898600701515576,49.356270872042394,-174.66990054865155
-0.368,-122000000.0,49.882830336214866,49.35639763332208,-174.67084645409832
-0.364,4970000000.0,49.86180318248058,49.35656663635588,-174.67210766894485
-0.361,4020000000.0,49.84603281717987,49.35669337962679,-174.6730535857676
-0.358,208000000.0,49.83026245187916,49.35682011517955,-174.67399950746534
-0.354,1250000000.0,49.80923529814486,49.3569890839104,-174.67526074397858
-0.351,-710000000.0,49.79346493284415,49.35711580145382,-174.6762066770504
-0.348,-1490000000.0,49.77769456754344,49.35724251127883,-174.6771526149964
-0.344,2970000000.0,49.756667413809154,49.357411445705615,-174.67841387317264
-0.341,29900000.0,49.740897048508444,49.35753813752071,-174.67935982249074
-0.337,-650000000.0,49.719869894774156,49.35770704793403,-174.6806210958289
-0.334,5150000000.0,49.704099529473446,49.35783372173881,-174.68156705651774
-0.331,2580000000.0,49.68832916417273,49.35796038782474,-174.68251302207932
-0.327,2160000000.0,49.66730201043844,49.35812926393212,-174.6837743170742
-0.324,2290000000.0,49.65153164513773,49.35825591200717,-174.68472029400462
-0.321,2730000000.0,49.63576127983702,49.358382552363146,-174.68566627580694
-0.317,843000000.0,49.61473412610273,49.35855139416351,-174.6869275924548
-0.314,3940000000.0,49.598963760802015,49.35867801650801,-174.687873585624
-0.311,1980000000.0,49.583193395501304,49.35880463113316,-174.68881958366427
-0.307,4970000000.0,49.56216624176702,49.35897343862541,-174.69008092196145
-0.304,5220000000.0,49.546395876466306,49.35910003523853,-174.69102693136662
-0.3,3370000000.0,49.52536872273202,49.35926881871445,-174.6922882848161
-0.297,4310000000.0,49.50959835743131,49.35939539731511,-174.69323430558487
-0.294,-15600000.0,49.4938279921306,49.35952196819601,-174.69418033122327
-0.29,2970000000.0,49.4728008383963,49.35969071736193,-174.69544170631573
-0.287,1660000000.0,49.45703047309559,49.359817270229804,-174.69638774331577
-0.284,2760000000.0,49.441260107794875,49.35994381537768,-174.6973337851846
-0.28,1290000000.0,49.420232954060594,49.36011253023251,-174.6985951819164
-0.277,3150000000.0,49.404462588759884,49.360239057366776,-174.69954123514492
-0.273,614000000.0,49.383435435025596,49.36040774820319,-174.70080264702202
-0.27,290000000.0,49.36766506972488,49.36053425732346,-174.70174871160881
-0.267,3030000000.0,49.35189470442417,49.360660758723284,-174.70269478106306
-0.263,2210000000.0,49.33086755068988,49.36082941524674,-174.70395621457314
-0.26,-2980000000.0,49.31509718538917,49.360955898631985,-174.7049022953837
-0.253,1490000000.0,49.27829966635417,49.36125099650595,-174.70710983620023
-0.25,-1350000000.0,49.262529301053455,49.361377454155374,-174.7080559332318
-0.246,56100000.0,49.24150214731917,49.36154605234426,-174.7093174035095
-0.243,-215000000.0,49.22573178201846,49.3616724919781,-174.71026351189408
-0.24,4020000000.0,49.20996141671774,49.36179892389086,-174.71120962514388
-0.233,710000000.0,49.17316389768274,49.36209390166044,-174.71341724164537
-0.229,1850000000.0,49.152136743948454,49.3622624415116,-174.7146787486799
-0.226,2500000000.0,49.13636637864774,49.36238883739165,-174.71562488463053
-0.223,2830000000.0,49.120596013347026,49.3625152255502,-174.71657102544484
-0.219,6340000000.0,49.099568859612745,49.362683731083564,-174.71783255409605
-0.216,6950000000.0,49.083798494312035,49.36281010122499,-174.7187787062582
-0.213,5120000000.0,49.06802812901131,49.362936463644644,-174.71972486328326
-0.209,4520000000.0,49.04700097527703,49.363104934859116,-174.7209864135474
-0.206,126000000.0,49.03123060997631,49.363231279261086,-174.72193258191828
-0.203,2860000000.0,49.0154602446756,49.363357615941034,-174.72287875515124
-0.199,3170000000.0,48.99443309094132,49.36352605283552,-174.72414032702466
-0.196,-2020000000.0,48.9786627256406,49.36365237149719,-174.72508651160152
-0.189,2660000000.0,48.941865206605605,49.36394708501002,-174.72729429451857
-0.186,1030000000.0,48.92609484130489,49.36407337793059,-174.7282404952986
-0.182,1600000000.0,48.90506768757061,49.364241756478556,-174.72950210389925
-0.179,934000000.0,48.88929732226989,49.364368031379854,-174.73044831601985
-0.176,-542000000.0,48.87352695696917,49.3644942985585,-174.73139453300027
-0.172,1500000000.0,48.85249980323489,49.36466264278352,-174.73265616320015
-0.169,5440000000.0,48.836729437934174,49.36478889194232,-174.73360239151918
-0.165,1200000000.0,48.815702284199894,49.36495721214061,-174.7348640368363
-0.162,2320000000.0,48.799931918899176,49.36508344327916,-174.73581027649263
-0.159,5500000000.0,48.784161553598466,49.36520966669463,-174.73675652100735
-0.155,2780000000.0,48.763134399864185,49.3653779525681,-174.7380181879174
-0.148,264000000.0,48.72633688082918,49.365672419808185,-174.7402261257903
-0.145,1110000000.0,48.71056651552846,49.36579860718162,-174.74117239297428
-0.142,4650000000.0,48.69479615022775,49.365924786831535,-174.74211866501523
-0.138,2490000000.0,48.67376899649347,49.366093014350284,-174.7433803686247
-0.135,3280000000.0,48.657998631192754,49.36621917597841,-174.74432665199765
-0.132,1620000000.0,48.64222826589204,49.366345329882776,-174.74527294022676
-0.128,-1210000000.0,48.62120111215775,49.36651352307375,-174.74653466541915
-0.111,7720000000.0,48.53183570878704,49.36722819094207,-174.75189709378162
-0.108,7300000000.0,48.516065343486325,49.36735428305376,-174.7528434208509
-0.105,7840000000.0,48.500294978185615,49.367480367441026,-174.75378975277405
-0.098,1150000000.0,48.46349745915062,49.367774534304836,-174.75599787946965
-0.095,3660000000.0,48.4477270938499,49.3679005929435,-174.75694422757064
-0.091,3340000000.0,48.42669994011561,49.368068659112126,-174.75820603258742
-0.088,5100000000.0,48.4109295748149,49.368194699726295,-174.75915239201126
-0.084,5300000000.0,48.38990242108061,49.36836274186198,-174.76041421212423
-0.081,1350000000.0,48.3741320557799,49.368488764451236,-174.7613605828695
-0.078,724000000.0,48.35836169047919,49.36861477931541,-174.7623069584664
-0.074,5810000000.0,48.337334536744905,49.36878278711739,-174.76356880014222
-0.071,-1300000000.0,48.32156417144419,49.36890878395609,-174.76451518705863
-0.068,1430000000.0,48.30579380614348,49.369034773069444,-174.76546157882586
-0.064,5440000000.0,48.28476665240919,49.369202746536615,-174.76672344206077
-0.061,4520000000.0,48.26899628710848,49.36932871762392,-174.76766984514555
-0.057,3220000000.0,48.24796913337419,49.36949666705607,-174.76893172346962
-0.054,5740000000.0,48.23219876807348,49.369622620116914,-174.76987813787056
-0.051,11800000000.0,48.21642840277276,49.36974856545201,-174.77082455712093
-0.044,15900000000.0,48.179630883737765,49.37004240785555,-174.77303288756235
-0.04,13000000000.0,48.15860373000348,49.370210298914714,-174.77429480252394
-0.037,12300000000.0,48.14283336470277,49.37033620819533,-174.77524124440137
-0.034,10900000000.0,48.12706299940205,49.370462109749774,-174.7761876911268
-0.027,10000000000.0,48.09026548036705,49.37075584999685,-174.77839608567118
-0.017,19300000000.0,48.03769759603134,49.37117540594931,-174.7815509807978
-0.013,20400000000.0,48.016670442297055,49.37134320429194,-174.78281295392628
-0.003,28500000000.0,47.96410255796134,49.371762640051124,-174.78596792443687
0.0,34000000000.0,47.94833219266063,49.371888454037155,-174.7869144260882
0.003,35800000000.0,47.93256182735992,49.37201426029611,-174.78786093258438
0.007,39000000000.0,47.91153467362563,49.372181989954676,-174.789122948782
0.013,42700000000.0,47.8799939430242,49.37243355868496,-174.79101598922574
0.017,51300000000.0,47.858966789289916,49.37260125399986,-174.79227802695232
0.02,51300000000.0,47.843196423989205,49.37272701647062,-174.79322456089793
0.024,54200000000.0,47.82216927025492,49.37289468774431,-174.79448661369258
0.027,59300000000.0,47.8063989049542,49.37302043218395,-174.79543315893858
0.03,58200000000.0,47.79062853965349,49.37314616889585,-174.79637970902715
0.034,50100000000.0,47.7696013859192,49.37331380582399,-174.79764178334443
0.037,54100000000.0,47.75383102061849,49.37343952450421,-174.79858834473143
0.04,55500000000.0,47.73806065531778,49.37356523545641,-174.79953491096018
0.044,54200000000.0,47.717033501583494,49.37373283803794,-174.8007970067964
0.054,78200000000.0,47.66446561724778,49.374151784383386,-174.80395228403907
0.057,83100000000.0,47.64869525194707,49.37427745154226,-174.8048988776997
0.061,91300000000.0,47.62766809821278,49.37444499573199,-174.80616101010952
0.068,117000000000.0,47.590870579177775,49.37473816500277,-174.80836976252968
0.071,123000000000.0,47.575100213877064,49.37486379609475,-174.80931637877518
0.074,123000000000.0,47.559329848576354,49.37498941945791,-174.81026299985962
0.081,134000000000.0,47.522532329541356,49.375282510581656,-174.8124718012065
0.084,135000000000.0,47.50676196424064,49.3754081081815,-174.8134184384188
0.088,129000000000.0,47.48573481050636,49.37557555962486,-174.81468062889397
0.091,126000000000.0,47.46996444520564,49.375701139189935,-174.81562727739413
0.095,130000000000.0,47.44893729147135,49.375868566586625,-174.81688948291884
0.098,128000000000.0,47.43316692617064,49.3759941281165,-174.81783614270546
0.105,120000000000.0,47.396369407135644,49.376287074960295,-174.82004503434965
0.108,117000000000.0,47.38059904183493,49.376412610724906,-174.82099171025743
0.111,118000000000.0,47.36482867653421,49.376538138759784,-174.82193839100105
0.118,129000000000.0,47.32803115749922,49.37683100744733,-174.8241473315406
0.125,121000000000.0,47.29123363846422,49.37712383404941,-174.82635629840385
0.135,103000000000.0,47.238665754128505,49.37754208475941,-174.82951201100855
0.138,104000000000.0,47.22289538882779,49.37766754322331,-174.83045873526308
0.142,99200000000.0,47.20186823509351,49.37783480915002,-174.8317210417875
0.145,96900000000.0,47.186097869792796,49.37796024957604,-174.8326677773193
0.148,104000000000.0,47.17032750449207,49.37808568227144,-174.83361451768377
0.152,104000000000.0,47.14930035075779,49.37825291383969,-174.83487684568686
0.155,98100000000.0,47.13352998545707,49.37837832849661,-174.83582359732668
0.162,93000000000.0,47.09673246642208,49.37867093263138,-174.83803270327635
0.165,88800000000.0,47.08096210112136,49.37879632151837,-174.8389794710214
0.169,87500000000.0,47.05993494738708,49.37896349467479,-174.84024183552967
0.172,88800000000.0,47.04416458208636,49.37908886552235,-174.8411886145467
0.176,85800000000.0,47.02313742835208,49.379256014625916,-174.84245099408338
0.182,72300000000.0,46.99159669775065,49.37950671250986,-174.8443445794885
0.186,74400000000.0,46.97056954401637,49.37967382725128,-174.84560698049117
0.189,71700000000.0,46.954799178715646,49.3797991542871,-174.8465537868773
0.192,66600000000.0,46.939028813414936,49.379924473591196,-174.84750059809247
0.196,64900000000.0,46.918001659680655,49.38009155396938,-174.84876302055739
0.199,64900000000.0,46.90223129437994,49.38021685523248,-174.84970984303925
0.203,73200000000.0,46.88120414064566,49.38038391155576,-174.8509722805255
0.206,73800000000.0,46.86543377534495,49.38050919477748,-174.8519191142727
0.209,74000000000.0,46.84966341004422,49.38063447026706,-174.85286595284748
0.213,74500000000.0,46.82863625630994,49.38080149222525,-174.85412841178965
0.216,81800000000.0,46.812865891009224,49.38092674967285,-174.8550752616278
0.223,69700000000.0,46.77606837197423,49.38121898698008,-174.857284596687
0.226,67800000000.0,46.760298006673516,49.381344218652785,-174.85823146261333
0.229,68800000000.0,46.7445276413728,49.38146944259285,-174.85917833336552
0.233,66800000000.0,46.72350048763851,49.38163639581757,-174.8604408352083
0.236,60800000000.0,46.7077301223378,49.38176160171453,-174.8613877172199
0.243,54600000000.0,46.6709326033028,49.38205371873498,-174.8635971273441
0.246,53600000000.0,46.655162238002085,49.38217889885537,-174.8645440254383
0.25,59300000000.0,46.6341350842678,49.382345793653236,-174.86580656373488
0.253,58600000000.0,46.618364718967086,49.38247095572955,-174.86675347308517
0.256,58600000000.0,46.602594353666376,49.382596110072576,-174.8677003872591
0.26,54500000000.0,46.58156719993209,49.38276297050024,-174.86896294699403
0.263,54700000000.0,46.56579683463138,49.382888106798596,-174.8699098724221
0.267,53800000000.0,46.5447696808971,49.38305494316645,-174.87117244716165
0.27,50400000000.0,46.52899931559637,49.383180061419786,-174.87211938384254
0.273,50300000000.0,46.51322895029566,49.38330517193939,-174.8730663253456
0.277,43900000000.0,46.492201796561375,49.38347197393517,-174.87432892151716
0.28,45300000000.0,46.476431431260664,49.38359706640915,-174.87527587427107
0.284,42300000000.0,46.455404277526384,49.38376384434385,-174.87653848544275
0.287,40400000000.0,46.43963391222566,49.38388891877182,-174.8774854494461
0.29,36200000000.0,46.42386354692495,49.384013985465636,-174.87843241827025
0.294,36400000000.0,46.40283639319066,49.38418072902642,-174.8796950508676
0.297,37600000000.0,46.38706602788995,49.38430577767364,-174.88064203093919
0.3,36900000000.0,46.37129566258924,49.3844308185865,-174.88158901583074
0.304,39600000000.0,46.35026850885495,49.384597527772264,-174.88285166985003
0.307,33800000000.0,46.334498143554235,49.38472255063796,-174.8837986659871
0.311,30200000000.0,46.31347098981995,49.38488923576056,-174.88506133499948
0.314,33800000000.0,46.29770062451924,49.38501424057869,-174.88600834238068
0.317,34200000000.0,46.28193025921853,49.385139237662024,-174.8869553545804
0.321,30700000000.0,46.26090310548424,49.385305888407764,-174.88821804500836
0.324,32400000000.0,46.24513274018353,49.38543086744296,-174.88916506845027
0.327,30600000000.0,46.22936237488281,49.385555838743116,-174.8901120967098
0.334,24200000000.0,46.19256485584781,49.38584740836235,-174.89232184804936
0.337,24700000000.0,46.1767944905471,49.38597235387852,-174.89326889236597
0.341,30000000000.0,46.155767336812815,49.38613893586727,-174.8945316256138
0.344,23700000000.0,46.139996971512105,49.38626386333416,-174.89547868116867
0.348,22800000000.0,46.11896981777782,49.38643042125693,-174.89674142939998
0.358,31300000000.0,46.0664019334421,49.386846755897515,-174.89989833743184
0.361,23100000000.0,46.05063156814139,49.38697163952877,-174.9008454202739
0.368,26000000000.0,46.013834049106386,49.38726300458399,-174.90305529896148
0.371,28400000000.0,45.998063683805675,49.38738786242846,-174.90400239785103
0.375,27400000000.0,45.97703653007139,49.38755432752035,-174.9052652038584
0.378,28100000000.0,45.96126616477068,49.38767916731361,-174.90621231397952
0.381,30200000000.0,45.94549579946997,49.38780399937049,-174.9071594289138
0.385,26300000000.0,45.92446864573568,49.387970430078546,-174.90842225631275
0.388,28700000000.0,45.90869828043496,49.38809524408365,-174.9093693824766
0.392,26800000000.0,45.887671126700674,49.38826165072237,-174.91063222484746
0.395,19400000000.0,45.871900761399964,49.388386446675284,-174.9115793622396
0.398,17500000000.0,45.85613039609925,49.388511234891425,-174.91252650444338
0.402,16800000000.0,45.835103242364966,49.388677607144466,-174.9137893681995
0.405,19600000000.0,45.819332877064255,49.38880237730783,-174.91473652162958
0.408,18200000000.0,45.80356251176354,49.38892713973416,-174.91568367987048
0.412,15500000000.0,45.78253535802925,49.389093477600454,-174.91694656500812
0.415,16400000000.0,45.76676499272854,49.389218221973465,-174.91789373447335
0.419,18900000000.0,45.74573783899425,49.389384535768365,-174.91915663457584
0.422,16400000000.0,45.72996747369354,49.389509262087635,-174.920103815264
0.425,16100000000.0,45.714197108392824,49.38963398066948,-174.92105100076157
0.429,16100000000.0,45.693169954658536,49.38980026007575,-174.9223139222392
0.442,23600000000.0,45.62483170502212,49.390340573144684,-174.92641847607996
0.445,26600000000.0,45.6090613397214,49.39046524014173,-174.92736569363382
0.449,26100000000.0,45.58803418598711,49.39063145076756,-174.92862865785048
0.452,23100000000.0,45.5722638206864,49.39075609970914,-174.92957588662136
0.456,19000000000.0,45.551236666952114,49.39092228626076,-174.9308388657932
0.462,16000000000.0,45.51969593635069,49.39117154029391,-174.93273335057253
0.466,17700000000.0,45.498668782616406,49.39133769245289,-174.93399635110563
0.469,23200000000.0,45.48289841731569,49.391462297543875,-174.93494360711216
0.472,18400000000.0,45.46712805201497,49.391586894896264,-174.93589086792412
0.476,18700000000.0,45.44610089828069,49.39175301266153,-174.93715388981474
0.479,23800000000.0,45.43033053297998,49.39187759195695,-174.93810116183843
0.483,21600000000.0,45.40930337924569,49.39204368564597,-174.93936419867714
0.486,22300000000.0,45.39353301394498,49.392168246884,-174.94031148191118
0.489,20700000000.0,45.37776264864426,49.39229280038301,-174.94125876994923
0.493,21100000000.0,45.35673549490998,49.39245885967647,-174.94252182813912
0.5,25700000000.0,45.31993797587498,49.39274943033345,-174.944732200519
0.503,24100000000.0,45.30416761057427,49.39287394771615,-174.94567951097244
0.506,23800000000.0,45.28839724527354,49.39299845735945,-174.94662682622845
0.51,25800000000.0,45.26737009153926,49.39316445817796,-174.94788992070673
0.523,18900000000.0,45.199031841902844,49.39370386581224,-174.95199503671574
0.527,25500000000.0,45.178004688168556,49.39386980815265,-174.95325816747157
0.53,27600000000.0,45.16223432286784,49.39399425587798,-174.95420552113913
0.533,24500000000.0,45.14646395756712,49.39411869586322,-174.95515287960694
0.537,24300000000.0,45.12543680383284,49.39428460380328,-174.95641603169747
0.54,22100000000.0,45.10966643853213,49.394409025728066,-174.95736340136503
0.543,21100000000.0,45.09389607323141,49.39453343991251,-174.95831077583205
0.55,23900000000.0,45.05709855419641,49.39482370957459,-174.96052133491827
0.553,23600000000.0,45.0413281888957,49.39494809795745,-174.96146872538165
0.557,21700000000.0,45.02030103516142,49.395113937093576,-174.96273192013027
0.56,24600000000.0,45.0045306698607,49.39523830741483,-174.96367932178944
0.564,23700000000.0,44.98350351612642,49.39540412246858,-174.96494253146483
0.567,26200000000.0,44.967733150825694,49.39552847472782,-174.9658899443184
0.574,24100000000.0,44.9309356317907,49.39581859989548,-174.96810059296533
0.577,26000000000.0,44.915165266489986,49.395942926351175,-174.96904802180853
0.58,26600000000.0,44.899394901189275,49.396067245065666,-174.96999545544807
0.584,34800000000.0,44.878367747454995,49.3962329913096,-174.9712587077613
0.587,34600000000.0,44.86259738215427,49.39635729196094,-174.9722061525913
0.594,43000000000.0,44.82579986311927,49.396647296708224,-174.9744168758433
0.608,83600000000.0,44.75220482504928,49.397227179755134,-174.97883840066078
0.611,86900000000.0,44.73643445974856,49.397351418472674,-174.9797858838476
0.614,95000000000.0,44.72066409444785,49.39747564944817,-174.98073337182788
0.618,94200000000.0,44.69963694071357,49.397641278705514,-174.98199669659098
0.621,94200000000.0,44.68386657541285,49.39776549161594,-174.98294419575504
0.624,88700000000.0,44.66809621011213,49.39788969678408,-174.9838916997117
0.628,91500000000.0,44.647069056377845,49.398055291631216,-174.98515504577534
0.631,90500000000.0,44.631298691077134,49.398179478733695,-174.9861025609138
0.635,90600000000.0,44.610271537342854,49.39834504949304,-174.98736592188556
0.638,91400000000.0,44.594501172042136,49.398469218529485,-174.98831344820442
0.641,90100000000.0,44.578730806741426,49.398593379823204,-174.98926097931448
0.648,91200000000.0,44.54193328770642,49.39888305939764,-174.99147190386887
0.651,90500000000.0,44.52616292240571,49.399007194881804,-174.9924194509477
0.661,106000000000.0,44.47359503807,49.39942092390675,-174.99557797580408
0.675,138000000000.0,44.4,49.4,-175.0
0.678,134000000000.0,44.38422963469929,49.40012406579429,-175.00094759018046
0.682,134000000000.0,44.363202480965,49.40028947480759,-175.002211051202
0.688,133000000000.0,44.33166175036357,49.400537562514884,-175.00410625869242
0.692,137000000000.0,44.310634596629285,49.40070293711105,-175.0053697409905
0.695,137000000000.0,44.294864231328575,49.40082695902349,-175.00631735829845
0.702,130000000000.0,44.25806671229358,49.401116313369776,-175.00852848396354
0.705,125000000000.0,44.24229634699286,49.40124030946826,-175.00947611722506
0.709,125000000000.0,44.22126919325857,49.401405625552805,-175.0107396356845
0.712,122000000000.0,44.20549882795786,49.40152960358105,-175.01168728011183
0.716,116000000000.0,44.18447167422357,49.401694895571666,-175.01295081345813
0.722,125000000000.0,44.15293094362215,49.40194280774219,-175.014846129426
0.726,115000000000.0,44.131903789887865,49.40210806531198,-175.01610968403597
0.729,113000000000.0,44.11613342458715,49.40223199945369,-175.01705735557454
0.732,114000000000.0,44.10036305928644,49.402355925850465,-175.01800503189656
0.736,109000000000.0,44.07933590555215,49.40252114899837,-175.0192686077665
0.739,108000000000.0,44.06356554025144,49.402645057323376,-175.020216295249
0.753,89300000000.0,43.989970502181436,49.40322319376379,-175.02463890006715
0.759,86400000000.0,43.958429771580015,49.40347091488768,-175.02653433400994
0.763,88300000000.0,43.93740261784573,49.40363604509106,-175.0277979672629
0.766,91000000000.0,43.92163225254501,49.4037598837069,-175.02874569778007
0.769,89800000000.0,43.9058618872443,49.403883714576914,-175.02969343307757
0.773,83800000000.0,43.88483473351001,49.4040488103544,-175.03095708757658
0.776,83000000000.0,43.8690643682093,49.40417262315054,-175.03190483402724
0.783,75300000000.0,43.8322668491743,49.4044614895511,-175.03411626099867
0.786,76500000000.0,43.816496483873586,49.40458527652671,-175.03506402338004
0.793,73300000000.0,43.77969896483859,49.40487408267847,-175.03727548751988
0.796,74200000000.0,43.76392859953788,49.404997843832746,-175.03822326582912
0.8,69700000000.0,43.74290144580359,49.40516284665492,-175.0394869776736
0.803,67100000000.0,43.72713108050288,49.40528658973379,-175.0404347671307
0.807,68600000000.0,43.706103926768584,49.40545156845515,-175.04169849383803
0.81,67200000000.0,43.690333561467874,49.40557529345822,-175.0426462944416
0.813,66900000000.0,43.67456319616716,49.40569901071437,-175.04359409982177
0.817,61800000000.0,43.653536042432876,49.40586395500509,-175.04485784775855
0.82,59400000000.0,43.637765677132165,49.40598765418488,-175.04580566428322
0.824,63900000000.0,43.61673852339788,49.40615257437347,-175.0470694270784
0.827,60500000000.0,43.60096815809717,49.406276255476506,-175.04801725474616
0.83,62000000000.0,43.58519779279645,49.40639992883221,-175.04896508718912
0.834,57100000000.0,43.56417063906216,49.406564814588336,-175.05022887120734
0.837,58600000000.0,43.54840027376145,49.406688469866694,-175.0511767147914
0.847,71400000000.0,43.495832389425736,49.40710059817299,-175.0543362278849
0.851,71200000000.0,43.47480523569145,49.4072654253914,-175.05560004797368
0.864,103000000000.0,43.40646698605503,49.40780101872346,-175.05970752186286
0.867,99300000000.0,43.390696620754305,49.40792459652303,-175.06065541317892
0.871,102000000000.0,43.369669467020024,49.40808935486956,-175.0619192756897
0.874,103000000000.0,43.353899101719314,49.4082129145897,-175.06286717813956
0.884,88400000000.0,43.301331217383606,49.40862472436204,-175.06602688742962
0.888,87800000000.0,43.28030406364931,49.40878942416408,-175.06729078598727
0.891,89900000000.0,43.2645336983486,49.408912939975366,-175.06823871547056
0.894,96000000000.0,43.24876333304788,49.40903644803779,-175.06918664972363
0.898,95500000000.0,43.2277361793136,49.40920111340043,-175.07045056948022
0.901,92300000000.0,43.21196581401289,49.40932460338189,-175.07139851486176
0.904,84000000000.0,43.19619544871217,49.40944808561424,-175.0723464650122
0.908,79900000000.0,43.17516829497789,49.409612716536415,-175.07361040596396
0.911,80100000000.0,43.15939792967717,49.40973618068725,-175.07455836724088
0.915,79900000000.0,43.13837077594289,49.40990078750044,-175.07582232302704
0.918,80900000000.0,43.12260041064218,49.41002423356934,-175.07677029542904
0.921,80800000000.0,43.10683004534146,49.41014767188871,-175.07771827259853
0.925,79400000000.0,43.08580289160718,49.41031224425962,-175.07898224957347
0.928,78700000000.0,43.070032526306456,49.41043566449649,-175.07993023786605
0.932,76000000000.0,43.049005372572175,49.41060021275714,-175.08119422967087
0.935,72100000000.0,43.033235007271465,49.41072361491114,-175.0821422290852
0.938,72000000000.0,43.01746464197075,49.410847009315205,-175.08309023326555
0.942,68900000000.0,42.99643748823647,49.411011523131705,-175.08435424625273
0.945,72600000000.0,42.98066712293575,49.41113489945232,-175.08530226155284
0.948,68400000000.0,42.96489675763503,49.411258268022756,-175.0862502816181
0.959,63300000000.0,42.90707208486575,49.411710553139464,-175.08972639595544
0.962,63600000000.0,42.89130171956504,49.41183388554147,-175.09067443825487
0.965,57000000000.0,42.87553135426432,49.41195721019289,-175.09162248531803
0.975,62900000000.0,42.82296346992861,49.41236823638689,-175.09478267659674
0.982,59300000000.0,42.78616595089361,49.41265590348078,-175.0969948419787
0.985,62800000000.0,42.770395585592894,49.41277917645977,-175.0979429207936
0.992,60900000000.0,42.733598066557896,49.41306678326728,-175.1001551232127
0.996,62900000000.0,42.712570912823615,49.41323111106685,-175.1014192505194
0.999,59500000000.0,42.6968005475229,49.41335434787321,-175.10236735155377
1.002,58600000000.0,42.68103018222219,49.413477576928095,-175.10331545734877
1.012,79100000000.0,42.62846229788647,49.41388828446053,-175.10647584437754
1.016,79900000000.0,42.607435144152184,49.41405254335695,-175.1077400139969
1.019,84500000000.0,42.591664778851474,49.41417572848541,-175.1086881467638
1.023,84200000000.0,42.570637625117186,49.4143399632647,-175.10995233118902
1.026,75500000000.0,42.55486725981647,49.41446313030513,-175.1109004750596
1.029,74000000000.0,42.53909689451576,49.4145862895934,-175.11184862368847
1.033,69700000000.0,42.51806974078147,49.414750489918774,-175.1131128292617
1.036,67900000000.0,42.50229937548076,49.41487363111846,-175.1140609889923
1.04,69900000000.0,42.48127222174648,49.41503780732543,-175.11532520936686
1.043,65400000000.0,42.46550185644576,49.41516093043612,-175.1162733801978
1.046,65300000000.0,42.449731491145045,49.41528404579427,-175.1172215557856
1.05,63000000000.0,42.42870433741076,49.41544818754548,-175.11848579730176
1.053,63000000000.0,42.41293397211005,49.415571284814064,-175.1194339839879
1.056,68000000000.0,42.397163606809336,49.41569437432986,-175.12038217543005
1.06,69400000000.0,42.37613645307505,49.41585848162422,-175.121646438084
1.063,68300000000.0,42.36036608777434,49.41598155304989,-175.1225946406225
1.067,69400000000.0,42.33933893404005,49.41614563622384,-175.12385891807074
1.07,75100000000.0,42.32356856873933,49.41626868955899,-175.1248071317042
1.073,77000000000.0,42.30779820343862,49.41639173514094,-175.12575535009222
1.077,77300000000.0,42.286771049704335,49.41655578385621,-175.12701964867182
1.08,76300000000.0,42.271000684403624,49.41667881134708,-175.12796787815284
1.087,64100000000.0,42.234203165368626,49.41696584534004,-175.1301804320948
1.09,67100000000.0,42.21843280006791,49.41708884698581,-175.13112867742055
1.093,67700000000.0,42.2026624347672,49.41721184087791,-175.13207692749916
1.1,60000000000.0,42.1658649157322,49.4174987964725,-175.13428952949778
1.104,52200000000.0,42.14483776199791,49.417662752144004,-175.13555388511324
1.107,52000000000.0,42.129067396697195,49.41778570985128,-175.1365021573685
1.11,49100000000.0,42.113297031396485,49.41790865980445,-175.13745043437515
1.114,42300000000.0,42.0922698776622,49.418072581013305,-175.13871481110803
1.117,43700000000.0,42.07649951236149,49.41819551287332,-175.13966309920036
1.12,48800000000.0,42.060729147060776,49.418318436979,-175.14061139204324
1.127,52300000000.0,42.02393162802577,49.41860522973605,-175.14282409381624
1.131,55800000000.0,42.00290447429148,49.41876909235595,-175.14408850644006
1.134,55800000000.0,41.98713410899077,49.41889198027376,-175.14503682144883
1.148,39900000000.0,41.91353907092078,49.41946535468734,-175.14946235427973
1.151,40500000000.0,41.89776870562006,49.41958819866062,-175.15041069619681
1.154,40600000000.0,41.88199834031935,49.41971103487874,-175.1513590428616
1.158,38800000000.0,41.86097118658506,49.4198748044392,-175.1526235124661
1.161,40600000000.0,41.84520082128435,49.41999762256167,-175.15357187020783
1.164,37800000000.0,41.82943045598363,49.420120432928734,-175.1545202326963
1.168,37300000000.0,41.80840330224935,49.420284168020736,-175.15578472339783
1.171,37600000000.0,41.792632936948635,49.42040696029157,-175.15673309696126
1.175,33900000000.0,41.77160578321435,49.420570671255035,-175.1579976024284
1.178,35800000000.0,41.75583541791364,49.42069344542928,-175.15894598706535
1.181,33600000000.0,41.74006505261293,49.4208162118477,-175.15989437644768
1.188,24500000000.0,41.70326753357792,49.42110263666215,-175.16210730345924
1.191,24900000000.0,41.68749716827721,49.421225377227344,-175.16305570865765
1.195,26500000000.0,41.666470014542924,49.4213890192492,-175.16432025630206
1.198,25900000000.0,41.65069964924221,49.42151174171665,-175.16526867257002
1.201,24400000000.0,41.6349292839415,49.42163445642783,-175.16621709358165
1.205,28000000000.0,41.61390213020721,49.42179806397725,-175.1674816623091
1.208,21900000000.0,41.5981317649065,49.421920760590126,-175.16843009438827
1.212,24100000000.0,41.57710461117221,49.42208434400822,-175.16969467787155
1.215,23500000000.0,41.5613342458715,49.4222070225224,-175.17064312101692
1.218,21400000000.0,41.54556388057079,49.422329693279856,-175.1715915689045
1.222,22600000000.0,41.5245367268365,49.422493242223716,-175.1728561734643
1.225,20100000000.0,41.508766361535784,49.42261589488195,-175.1738046324161
1.228,24600000000.0,41.49299599623507,49.42273853978321,-175.17475309610924
1.232,23800000000.0,41.471968842500786,49.42290205425176,-175.1760177217418
1.235,19800000000.0,41.456198477200076,49.42302468105321,-175.17696619649715
1.239,23700000000.0,41.43517132346579,49.42318817138839,-175.17823083687838
1.242,21700000000.0,41.41940095816508,49.42331078008962,-175.17917932269455
1.245,24900000000.0,41.40363059286435,49.42343338103351,-175.18012781325064
1.249,27000000000.0,41.38260343913007,49.42359683689155,-175.18139247469816
1.256,21400000000.0,41.345805920095074,49.423882851458075,-175.1836056525048
1.259,21500000000.0,41.330035554794364,49.42400541620001,-175.18455416517713
1.262,16400000000.0,41.314265189493646,49.42412797318417,-175.18550268258795
1.266,15900000000.0,41.293238035759366,49.42429137042864,-175.18676737983952
1.269,14800000000.0,41.27746767045865,49.42441390931106,-175.18771590830576
1.272,10400000000.0,41.26169730515793,49.42453644043548,-175.18866444150964
1.276,9800000000.0,41.24067015142365,49.424699803199914,-175.18992915981732
1.279,8630000000.0,41.22489978612294,49.42482231622204,-175.19087770407464
1.283,11100000000.0,41.20387263238865,49.42498565484983,-175.19214243711932
1.286,17800000000.0,41.188102267087935,49.42510814976926,-175.1930909924287
1.289,15500000000.0,41.17233190178722,49.42523063693027,-175.19403955247424
1.296,22700000000.0,41.135534382752226,49.425516410133966,-175.1962528776642
1.303,13800000000.0,41.09873686371723,49.42580214109607,-175.1984662286353
1.306,14700000000.0,41.0829664984165,49.42592458429138,-175.1994148155143
1.309,12200000000.0,41.06719613311579,49.42604701972777,-175.20036340712778
1.313,13700000000.0,41.04616897938151,49.42621025490678,-175.20162820331004
1.316,16900000000.0,41.030398614080795,49.4263326722388,-175.20257680596958
1.32,17700000000.0,41.009371460346514,49.42649588327836,-175.203841616879
1.326,18400000000.0,40.97783072974508,49.42674067397356,-175.20573884902052
1.333,16000000000.0,40.94103321071008,49.42702622388994,-175.20795231044556
1.336,11700000000.0,40.92526284540937,49.427148589492994,-175.20890094465767
1.34,13400000000.0,40.90423569167508,49.42731173155987,-175.21016579763455
1.343,15800000000.0,40.88846532637437,49.42743407905702,-175.2111144428874
1.347,10200000000.0,40.86743817264009,49.42759719698246,-175.2123793105843
1.35,7680000000.0,40.85166780733937,49.42771952637333,-175.21332796687645
1.353,7050000000.0,40.83589744203866,49.42784184800424,-175.21427662789932
1.357,7660000000.0,40.81487028830438,49.428004931440974,-175.21554151662158
1.364,17200000000.0,40.77807276926938,49.428290294259035,-175.21775509211957
1.37,8700000000.0,40.746532038667944,49.42853485733232,-175.21965246304106
1.374,11600000000.0,40.72550488493366,49.428697882135786,-175.22091738749776
1.377,11200000000.0,40.709734519632946,49.42882014168444,-175.22186608635712
1.38,12400000000.0,40.693964154332235,49.42894239347248,-175.22281478994483
1.384,17200000000.0,40.67293700059795,49.42910538378435,-175.22407973541667
1.387,15500000000.0,40.65716663529723,49.429227617464036,-175.22502845003635
1.391,15700000000.0,40.63613948156295,49.42939058363117,-175.2262934102165
1.394,15400000000.0,40.62036911626223,49.42951279920209,-175.22724213586676
1.397,10900000000.0,40.60459875096152,49.42963500701199,-175.22819086624392
1.401,8730000000.0,40.583571597227234,49.4297979386857,-175.22945584743277
1.404,8770000000.0,40.56780123192652,49.42992012838628,-175.23040458883852
1.407,6690000000.0,40.552030866625806,49.4300423103256,-175.23135333497038
1.411,6220000000.0,40.53100371289152,49.43020520750485,-175.2326183371641
1.414,8880000000.0,40.51523334759081,49.430327371334286,-175.2335670943225
1.428,11500000000.0,40.44163830952081,49.430897366579586,-175.2379946902025
1.431,11600000000.0,40.425867944220094,49.431019486426244,-175.23894347413392
1.434,8510000000.0,40.410097578919384,49.43114159851102,-175.2398922627891
1.438,9510000000.0,40.389070425185096,49.43130440254983,-175.24115732167706
1.441,13700000000.0,40.373300059884386,49.43142649652317,-175.24210612135343
1.448,1770000000.0,40.33650254084938,49.43171135227476,-175.24432000563155
1.451,2130000000.0,40.32073217554867,49.431833420374,-175.24526882105005
1.455,-1870000000.0,40.29970502181438,49.43199616576484,-175.24653391562015
1.458,140000000.0,40.28393465651367,49.43211821575176,-175.24748274205643
1.461,873000000.0,40.26816429121296,49.4322402579761,-175.24843157321425
1.465,789000000.0,40.24713713747867,49.43240296886668,-175.2496966887687
1.468,3650000000.0,40.23136677217796,49.43252499297811,-175.25064553094228
1.472,2660000000.0,40.21033961844367,49.432687679717894,-175.25191066118356
1.475,479000000.0,40.19456925314296,49.432809685716016,-175.25285951437155
1.478,2120000000.0,40.17879888784225,49.432931683951196,-175.25380837227956
1.482,2450000000.0,40.15777173410796,49.433094336188894,-175.25507352349877
1.485,7450000000.0,40.14200136880724,49.4332163163102,-175.2560223924192
1.488,6550000000.0,40.12623100350653,49.433338288668295,-175.2569712660588
1.492,-1130000000.0,40.105203849772245,49.433500906402884,-175.2582364382521
1.495,1540000000.0,40.089433484471535,49.43362286064656,-175.25918532290208
1.499,2760000000.0,40.06840633073725,49.43378545422831,-175.260450509775
1.505,855000000.0,40.03686560013582,49.4340293187224,-175.2623483058108
1.509,5530000000.0,40.01583844640154,49.43419187779921,-175.2636135136514
1.512,5340000000.0,40.00006808110082,49.434313788049074,-175.26456242503517
1.515,7530000000.0,39.98429771580011,49.434435690535075,-175.26551134113578
1.519,4860000000.0,39.96327056206582,49.43459821510587,-175.26677656994022
1.522,4120000000.0,39.94750019676511,49.43472009947594,-175.2677254970459
1.525,-849000000.0,39.931729831464395,49.43484197608193,-175.26867442886757
1.529,-45300000.0,39.91070267773011,49.43500446614563,-175.26993967863203
1.532,2720000000.0,39.8949323124294,49.435126324635114,-175.27088862145675
1.536,-311000000.0,39.87390515869511,49.435288790543225,-175.27215388589096
1.539,-1540000000.0,39.8581347933944,49.43541063091582,-175.2731028397173
1.542,-3520000000.0,39.84236442809369,49.43553246352391,-175.2740517982582
1.546,-1740000000.0,39.821337274359394,49.43569489492313,-175.275317083646
1.549,-8330000000.0,39.80556690905868,49.435816709413785,-175.27626605318653
1.556,1220000000.0,39.768769390023685,49.43610091302894,-175.27848033377836
1.559,3110000000.0,39.752999024722975,49.43622270163682,-175.2794293190302
1.563,3770000000.0,39.73197187098869,49.436385074368474,-175.28069464003042
1.566,-1210000000.0,39.71620150568797,49.43650684485797,-175.2816436362785
1.573,4150000000.0,39.67940398665297,49.43679094580219,-175.28385797918233
1.576,5370000000.0,39.66363362135226,49.43691269040757,-175.2848069911369
1.58,7100000000.0,39.64260646761797,49.43707500446856,-175.28607234773847
1.583,6180000000.0,39.62683610231726,49.43719673095459,-175.28702137068586
1.586,-363000000.0,39.611065737016546,49.437318449675054,-175.2879703983441
1.59,-449000000.0,39.59003858328226,49.437480729222465,-175.28923577588247
1.593,2390000000.0,39.57426821798155,49.43760242982302,-175.29018481453153
1.596,-2080000000.0,39.55849785268084,49.437724122657784,-175.29113385789051
1.6,-3780000000.0,39.53747069894655,49.437886367690545,-175.29239925636196
1.603,-2740000000.0,39.52170033364584,49.43800804240484,-175.29334831070977
1.607,-4130000000.0,39.50067317991155,49.438170263276696,-175.29461372383207
1.61,539000000.0,39.484902814610834,49.43829191987013,-175.29556278916735
1.613,1260000000.0,39.46913244931012,49.43841356869735,-175.2965118592111
1.617,1310000000.0,39.448105295575836,49.43857575505276,-175.29777729325994
1.62,3020000000.0,39.432334930275125,49.43869738575856,-175.29872637428915
1.623,3720000000.0,39.41656456497441,49.438819008697905,-175.29967546002595
1.63,2070000000.0,39.37976704593941,49.43910276535316,-175.30189001171786
1.633,3770000000.0,39.36399668063869,49.43922436240384,-175.3028391131449
1.637,4160000000.0,39.34296952690441,49.43938647972312,-175.30410458903546
1.64,327000000.0,39.327199161603694,49.43950805865127,-175.3050537014439
1.644,1350000000.0,39.306172007869414,49.439670151806915,-175.3063191919755
1.647,1690000000.0,39.290401642568696,49.43979171261213,-175.30726831536404
1.65,2520000000.0,39.27463127726798,49.439913265650254,-175.30821744345786
1.654,1730000000.0,39.2536041235337,49.44007532428549,-175.3094829549019
1.657,1980000000.0,39.23783375823298,49.440196859200114,-175.3104320939738
1.66,1570000000.0,39.22206339293227,49.440318386347414,-175.3113812377501
1.664,3220000000.0,39.20103623919799,49.440480410461184,-175.31264677010282
1.667,-979000000.0,39.185265873897265,49.44060191948443,-175.3135959248552
1.671,4320000000.0,39.164238720162984,49.44076391943255,-175.31486147184168
1.674,542000000.0,39.148468354862274,49.440885410331354,-175.31581063756875
1.677,1680000000.0,39.13269798956156,49.44100689346242,-175.31675980799875
1.681,2100000000.0,39.111670835827276,49.441168858887245,-175.31802537588743
1.684,4080000000.0,39.09590047052655,49.44129032389332,-175.31897455729012
1.688,175000000.0,39.07487331679228,49.44145226515121,-175.32024013980808
1.691,1960000000.0,39.05910295149156,49.4415737120319,-175.321189332182
1.694,4730000000.0,39.04333258619084,49.44169515114442,-175.32213852925744
1.698,6240000000.0,39.02230543245656,49.44185705787724,-175.3234041326711
1.701,250000000.0,39.006535067155845,49.44197847886383,-175.3243533407158
1.704,1780000000.0,38.990764701855134,49.44209989208203,-175.32530255346117
1.708,1630000000.0,38.96973754812085,49.442261764288695,-175.32656817776675
1.711,6080000000.0,38.95396718282013,49.442383159380384,-175.32751740147938
1.715,7220000000.0,38.93294002908585,49.44254500741812,-175.32878304040696
1.718,5650000000.0,38.91716966378513,49.44266638438292,-175.32973227508546
1.721,7500000000.0,38.90139929848442,49.44278775357891,-175.33068151446315
1.725,5090000000.0,38.88037214475013,49.44294956708869,-175.33194717427617
1.728,4130000000.0,38.864601779449416,49.44307091815724,-175.3328964246177
1.731,4160000000.0,38.848831414148705,49.44319226145675,-175.3338456796576
1.735,4850000000.0,38.827804260414425,49.443354040437505,-175.33511136035224
1.741,2840000000.0,38.79626352981299,49.44359668301124,-175.3370098970532
1.745,7040000000.0,38.77523637607871,49.4437584274619,-175.33827559862561
1.748,7290000000.0,38.75946601077799,49.443879726735574,-175.3392248802847
1.752,3360000000.0,38.73843885704371,49.444041447014534,-175.3404905964693
1.755,6000000000.0,38.72266849174299,49.44416272815924,-175.34143988908681
1.758,3940000000.0,38.70689812644228,49.44428400153424,-175.34238918640037
1.762,3440000000.0,38.685870972707995,49.44444568728133,-175.34365492345628
1.765,1980000000.0,38.67010060740728,49.44456694252683,-175.34460423172627
1.768,2680000000.0,38.65433024210657,49.44468819000243,-175.34555354469143
1.772,4320000000.0,38.63330308837228,49.44484984121654,-175.34681930261482
1.775,6630000000.0,38.61753272307157,49.44497107056206,-175.34776862653442
1.779,7240000000.0,38.59650556933728,49.44513269760249,-175.34903439906282
1.782,2380000000.0,38.58073520403657,49.44525390881753,-175.34998373393543
1.785,3860000000.0,38.564964838735854,49.44537511226224,-175.35093307350178
1.789,2870000000.0,38.543937685001566,49.44553670476791,-175.35219886689117
1.792,3370000000.0,38.528167319700856,49.4456578900816,-175.35314821740855
1.796,4760000000.0,38.50714016596657,49.44581945841231,-175.35441402539837
1.802,5170000000.0,38.47559943536515,49.44606178500611,-175.3563127530246
1.806,3750000000.0,38.45457228163085,49.446223318800264,-175.35757858186895
1.809,4770000000.0,38.43880191633014,49.44634446007982,-175.35852795897586
1.812,7100000000.0,38.42303155102943,49.44646559358843,-175.35947734077413
1.816,3900000000.0,38.402004397295144,49.446627092844935,-175.36074319046915
1.819,4030000000.0,38.386234031994434,49.44674820822101,-175.36169258321306
1.823,5450000000.0,38.365206878260146,49.446909683300554,-175.36295844750128
1.826,5200000000.0,38.34943651295943,49.447030780543706,-175.3639078511894
1.829,5570000000.0,38.33366614765872,49.44715187001548,-175.36485725956746
1.833,5480000000.0,38.31263899392443,49.44731331055559,-175.3661231446999
1.839,6720000000.0,38.28109826332301,49.44755544546058,-175.36802198802954
1.843,1770000000.0,38.26007110958872,49.4477168514602,-175.36928789400235
1.849,2930000000.0,38.228530378987294,49.447958934553654,-175.3711867685897
1.853,944000000.0,38.20750322525301,49.4481203060117,-175.37245269539912
1.856,2820000000.0,38.191732859952296,49.448241325537914,-175.3734021459751
1.86,477000000.0,38.17070570621801,49.448402672816265,-175.3746680873678
1.866,5140000000.0,38.13916497561658,49.44864466782646,-175.37656701508013
1.87,1670000000.0,38.11813782188229,49.448805980561445,-175.37783297730292
1.873,390000000.0,38.10236745658158,49.448926956044865,-175.37878245443724
1.876,518000000.0,38.08659709128087,49.44904792375581,-175.37973193625749
1.883,4170000000.0,38.049799572245874,49.44933015152122,-175.38194741205953
1.887,2580000000.0,38.02877241851158,49.44949140553006,-175.38321340968469
1.89,-641000000.0,38.01300205321087,49.449612336968414,-175.38416291336907
1.893,4940000000.0,37.99723168791016,49.44973326063387,-175.38511242173792
1.897,2420000000.0,37.97620453417587,49.44989448009649,-175.38637844018282
1.9,1530000000.0,37.96043416887516,49.4500153856249,-175.38732795948104
1.904,1250000000.0,37.93940701514087,49.450176580904554,-175.3885939924975
1.907,-1580000.0,37.923636649840155,49.450297468295524,-175.38954352272367
1.91,364000000.0,37.907866284539445,49.45041834791319,-175.39049305763282
1.914,1040000000.0,37.88683913080516,49.450579508644815,-175.39175911146253
1.917,310000000.0,37.87106876550445,49.4507003701245,-175.39270865729762
1.92,558000000.0,37.855298400203736,49.45082122383062,-175.39365820781487
1.924,1540000000.0,37.83427124646945,49.45098235001318,-175.39492428245404
1.927,4880000000.0,37.81850088116873,49.45110318558077,-175.39587384389523
1.931,5510000000.0,37.79747372743444,49.45126428757834,-175.3971399330987
1.934,3610000000.0,37.78170336213373,49.45138510500698,-175.39808950546242
1.937,3610000000.0,37.76593299683302,49.451505914661695,-175.39903908250682
1.941,1830000000.0,37.744905843098735,49.45166698210836,-175.40030519251323
1.944,2180000000.0,37.72913547779802,49.45178777362357,-175.40125478047818
1.951,6090000000.0,37.69233795876302,49.45206959025934,-175.40347050392842
1.954,3650000000.0,37.67656759346231,49.45219035586033,-175.4044201074917
1.957,2130000000.0,37.66079722816159,49.45231111368688,-175.40536971573388
1.961,5800000000.0,37.63977007442731,49.45247211202861,-175.4066358673347
1.968,5390000000.0,37.602972555392306,49.45275382586856,-175.40885165264865
1.971,2690000000.0,37.587202190091595,49.45287454741352,-175.40980128272247
1.974,3300000000.0,37.57143182479088,49.45299526118365,-175.4107509174738
1.978,3340000000.0,37.5504046710566,49.45315620078286,-175.4120171044178
1.981,5440000000.0,37.53463430575589,49.453276896411445,-175.41296675008223
1.984,5800000000.0,37.51886394045516,49.45339758426494,-175.41391640042326
1.988,8380000000.0,37.49783678672088,49.4535584893083,-175.4151826081522
1.991,1230000000.0,37.48206642142017,49.4536791590197,-175.41613226940436
1.995,750000000.0,37.461039267685884,49.45384003987332,-175.41739849168053
1.998,1180000000.0,37.44526890238517,49.45396069144225,-175.41834816384235
2.001,6630000000.0,37.429498537084456,49.45408133523567,-175.4192978406793
2.005,2120000000.0,37.408471383350175,49.45424218153164,-175.42056408373392
2.008,2940000000.0,37.39270101804946,49.45436280718204,-175.42151377147857
2.012,2040000000.0,37.37167386431517,49.45452362928699,-175.42278002907585
2.015,-822000000.0,37.35590349901446,49.45464423679396,-175.42372972772677
2.018,268000000.0,37.34013313371374,49.45476483652504,-175.42467943105137
2.022,-1960000000.0,37.31910597997946,49.45492562407055,-175.42594570942057
2.025,-699000000.0,37.303335614678744,49.45504620565763,-175.42689542364946
2.028,5180000000.0,37.28756524937803,49.45516677946861,-175.42784514255115
2.032,1170000000.0,37.266538095643746,49.455327532453595,-175.42911144168846
2.035,1340000000.0,37.25076773034303,49.45544808812003,-175.4300611714924
2.039,-545000000.0,37.22974057660875,49.45560881691203,-175.43132748516516
2.042,241000000.0,37.21397021130804,49.45572935443352,-175.43227722586994
2.045,-577000000.0,37.19819984600732,49.45584988417849,-175.43322697124609
2.049,6880000000.0,37.17717269227303,49.45601057840818,-175.43449330568043
2.052,2310000000.0,37.16140232697232,49.45613109000766,-175.43544306195543
2.055,3720000000.0,37.145631961671604,49.45625159383039,-175.43639282290093
2.059,4580000000.0,37.124604807937324,49.4564122534967,-175.43765917809304
2.062,4440000000.0,37.108834442636606,49.45653273917338,-175.43860894993534
2.065,3730000000.0,37.09306407733589,49.456653217073054,-175.4395587264473
2.069,4300000000.0,37.07203692360161,49.456813842174945,-175.44082510239335
2.072,6590000000.0,37.05626655830089,49.45693430192803,-175.44177488980012
2.079,2690000000.0,37.01946903926589,49.457215344440286,-175.44399107857183
2.086,6830000000.0,36.9826715202309,49.45749634460891,-175.44620729275914
2.089,3270000000.0,36.96690115493018,49.457616760290065,-175.44715710661887
2.092,-1580000000.0,36.95113078962947,49.45773716819356,-175.44810692514594
2.096,-360000000.0,36.93010363589518,49.457897699966225,-175.44937335710847
2.099,3290000000.0,36.91433327059446,49.45801808972165,-175.4503231865249
2.103,-1050000000.0,36.89330611686019,49.45817859729659,-175.4515896330057
2.106,4620000000.0,36.87753575155946,49.45829896890351,-175.4525394733101
2.109,5190000000.0,36.86176538625875,49.45841933273239,-175.4534893182804
2.113,5240000000.0,36.840738232524465,49.45857980573826,-175.45475578549826
2.12,6500000000.0,36.803940713489474,49.45886060022498,-175.45697212308602
2.123,5630000000.0,36.78817034818875,49.458980927755384,-175.4579219898268
2.126,7040000000.0,36.77239998288804,49.45910124750734,-175.45887186123193
2.13,6710000000.0,36.75137282915376,49.45926166174335,-175.46013836369406
2.133,-729000000.0,36.73560246385304,49.45938196334534,-175.46108824598173
2.136,5340000000.0,36.71983209855233,49.45950225716863,-175.46203813293292
2.14,7610000000.0,36.69880494481804,49.459662636832725,-175.46330465612178
2.143,8620000000.0,36.68303457951733,49.45978291250548,-175.4642545539535
2.147,9140000000.0,36.66200742578305,49.459943267968605,-175.46552109164878
2.15,5690000000.0,36.64623706048233,49.46006352549042,-175.46647100035963
2.153,7380000000.0,36.63046669518162,49.46018377523316,-175.46742091373252
2.157,3610000000.0,36.60943954144733,49.46034409612257,-175.46868747214802
2.16,3100000000.0,36.59366917614662,49.46046432771382,-175.469637396398
2.163,3450000000.0,36.57789881084591,49.46058455152576,-175.4705873253092
2.167,934000000.0,36.55687165711162,49.46074483784038,-175.47185390444105
2.173,5760000000.0,36.52533092651019,49.46098524138063,-175.47375378867395
2.177,3230000000.0,36.504303772775906,49.46114549311942,-175.47502038851832
2.18,3360000000.0,36.48853340747519,49.461265672847176,-175.47597034383801
2.187,-2370000000.0,36.45173588844019,49.46154606195704,-175.47818692437022
2.19,-1570000000.0,36.43596552313948,49.46166621575184,-175.47913689522042
2.194,5420000000.0,36.41493836940519,49.46182640870931,-175.48040353026732
2.197,6170000000.0,36.39916800410448,49.46194654435058,-175.48135351198718
2.2,846000000.0,36.383397638803764,49.46206667221168,-175.482303498365
2.204,1300000000.0,36.362370485069476,49.46222683059046,-175.4835701541141
2.207,3790000000.0,36.346600119768766,49.46234694029745,-175.48452015135956
2.211,3500000000.0,36.32557296603448,49.46250707447053,-175.48578682159788
2.214,1010000000.0,36.30980260073377,49.46262716602307,-175.4867368297096
2.217,710000000.0,36.29403223543306,49.46274724979498,-175.4876868424778
2.221,2020000000.0,36.27300508169877,49.4629073493876,-175.4889535334118
2.224,280000000.0,36.25723471639805,49.46302741500449,-175.48990355704422
2.228,-778000000.0,36.236207562663765,49.46318749039015,-175.49117026246287
2.231,4920000000.0,36.220437197363054,49.463307537851634,-175.4921202969581
2.234,3620000000.0,36.204666832062344,49.46342757753212,-175.4930703361084
2.238,1580000000.0,36.183639678328056,49.4635876183355,-175.49433706221618
2.244,8130000000.0,36.15209894772663,49.463827653603296,-175.49623716689248
2.248,5450000000.0,36.13107179399234,49.463987659823374,-175.49750391368556
2.251,5270000000.0,36.11530142869163,49.464107655410125,-175.4984539792096
2.255,9950000000.0,36.09427427495734,49.464267637421244,-175.49972074048006
2.258,5680000000.0,36.07850390965663,49.46438761485109,-175.50067081686143
2.261,5350000000.0,36.062733544355915,49.4645075844993,-175.50162089789555
2.265,1790000000.0,36.041706390621634,49.46466753192532,-175.50288767984478
2.268,390000000.0,36.02593602532092,49.46478748341607,-175.50383777173423
2.271,364000000.0,36.010165660020206,49.46490742712493,-175.5047878682755
2.275,3420000000.0,35.98913850628592,49.46506733996479,-175.5060546708997
2.278,4830000000.0,35.97336814098521,49.46518726551563,-175.5070047782943
2.281,-213000000.0,35.9575977756845,49.465307183284345,-175.5079548903399
2.285,399000000.0,35.9365706219502,49.465467061537005,-175.50922171363516
2.288,-797000000.0,35.92080025664949,49.46558696114717,-175.51017183653204
2.292,708000000.0,35.899773102915205,49.46574681518813,-175.51143867429477
2.295,-4850000000.0,35.884002737614495,49.465866696639345,-175.51238880804158
2.298,-5650000000.0,35.868232372313784,49.465986570308026,-175.51333894643787
2.308,7310000000.0,35.81566448797807,49.46638609299561,-175.5165061080022
2.312,3070000000.0,35.79463733424378,49.46654587785753,-175.51777298709015
2.315,839000000.0,35.77886696894307,49.46666570742391,-175.51872315182885
2.319,-585000000.0,35.75783981520878,49.466825468072145,-175.519990045377
2.322,-208000000.0,35.74206944990807,49.46694527947807,-175.52094022096017
2.325,-2460000000.0,35.726299084607355,49.467065083100834,-175.52189040119052
2.329,-1380000000.0,35.70527193087307,49.46722480915724,-175.52315731539284
2.332,-1290000000.0,35.68950156557236,49.46734459461901,-175.52410750646564
2.336,-2940000000.0,35.66847441183807,49.4675042964605,-175.52537443512358
2.339,-3020000000.0,35.65270404653736,49.46762406376089,-175.52632463703736
2.342,-117000000.0,35.63693368123664,49.467743823277694,-175.52727484359687
2.346,-778000000.0,35.61590652750236,49.467903490525565,-175.52854179290244
2.349,1470000000.0,35.60013616220164,49.468023231880444,-175.52949201030094
2.352,1350000000.0,35.584365796900926,49.468142965451534,-175.53044223234429
2.356,-790000000.0,35.563338643166645,49.46830259810471,-175.53170920229365
2.359,3930000000.0,35.547568277865935,49.4684223135133,-175.53265943517397
2.363,2250000000.0,35.52654112413165,49.468581921949585,-175.5339264195717
2.366,-970000000.0,35.51077075883093,49.4687016191953,-175.53487666328758
2.369,133000000.0,35.49500039353022,49.46882130865682,-175.53582691164684
2.373,4810000000.0,35.47397323979593,49.46898088249663,-175.5370939166818
2.376,2420000000.0,35.45820287449522,49.469100553794725,-175.53804417587463
2.379,-3800000000.0,35.442432509194504,49.469220217308376,-175.53899443970997
2.383,-3300000000.0,35.421405355460216,49.46937975655066,-175.5402614653783
2.386,-6370000000.0,35.405634990159506,49.46949940190034,-175.54121174004518
2.393,-99500000.0,35.36883747112451,49.46977854410904,-175.54342906565157
2.396,-2270000000.0,35.35306710582379,49.46989816350952,-175.54437935578957
2.4,-1350000000.0,35.33203995208951,49.47005764393359,-175.54564641652587
2.403,-4040000000.0,35.3162695867888,49.470177245169154,-175.54659671749198
2.406,-3580000000.0,35.300499221488074,49.470296838619625,-175.54754702309825
2.41,2270000000.0,35.279472067753794,49.47045628444336,-175.54881410445753
2.416,-3540000000.0,35.247931337152366,49.470695427228065,-175.55071474196154
2.42,-5140000000.0,35.226904183418085,49.470854838450386,-175.55198184394
2.427,-446000000.0,35.19010666438309,49.47113377478477,-175.5541992922453
2.433,6460000000.0,35.15856593378165,49.47137282933361,-175.5560999823198
2.437,2070000000.0,35.13753878004737,49.47153218173112,-175.55736711934202
2.44,-4640000000.0,35.121768414746654,49.47165168694573,-175.55831747751878
2.447,2560000000.0,35.084970895711656,49.47193050216763,-175.56053499796352
2.45,-2340000000.0,35.06920053041094,49.47204998142879,-175.56148537159586
2.454,-4390000000.0,35.04817337667666,49.47220927499845,-175.56275254365067
2.457,-1450000000.0,35.03240301137594,49.4723287360917,-175.56370292810018
2.46,-3060000000.0,35.01663264607523,49.472448189398605,-175.56465331718522
2.464,2080000000.0,34.99560549234094,49.472607448362254,-175.56592050984221
2.467,1430000000.0,34.979835127040225,49.47272688350071,-175.56687090974242
2.471,3920000000.0,34.958807973305944,49.4728861182395,-175.56813811681872
2.474,2700000000.0,34.94303760800523,49.47300553520914,-175.5690885275326
2.477,2380000000.0,34.92726724270452,49.473124944392005,-175.57003894288053
2.481,895000000.0,34.906240088970236,49.473284144522985,-175.5713061705525
2.484,642000000.0,34.89046972366952,49.47340353553648,-175.57225659671215
2.487,-6250000000.0,34.8746993583688,49.47352291876299,-175.57320702750496
2.491,-4130000000.0,34.85367220463451,49.4736820842851,-175.57447427576875
2.497,2300000000.0,34.82213147403309,49.47392080661103,-175.57637516360603
2.501,121000000.0,34.801104320298805,49.474079937523214,-175.57764243245776
2.504,1670000000.0,34.78533395499809,49.474199276622095,-175.57859288950024
2.508,4370000000.0,34.764306801263814,49.47435838330673,-175.57986017276124
2.511,5470000000.0,34.74853643596309,49.47447770423473,-175.58081064060997
2.514,-1380000000.0,34.73276607066238,49.474597017375096,-175.58176111308953
2.518,-2480000000.0,34.71173891692809,49.47475608944805,-175.58302841693194
2.524,2740000000.0,34.68019818632666,49.47499467159809,-175.5849293881294
2.531,-1170000000.0,34.643400667291665,49.47527297806742,-175.58714721126532
2.535,-134000000.0,34.62237351355738,49.47543199129808,-175.58841455008732
2.538,3290000000.0,34.60660314825667,49.475551242134856,-175.58936505960403
2.541,1950000000.0,34.59083278295596,49.475670485183365,-175.59031557374922
2.545,3210000000.0,34.56980562922166,49.47582946379948,-175.5915829331422
2.548,2830000000.0,34.55403526392095,49.475948688675096,-175.59253345808617
2.552,-2450000000.0,34.533008110186664,49.47610764306043,-175.59380083187656
2.555,-3470000000.0,34.51723774488595,49.476226849762746,-175.59475136761785
2.558,-788000000.0,34.50146737958524,49.47634604867641,-175.59570190798615
2.562,-7020000000.0,34.480440225850955,49.47650496844544,-175.596969302341
2.565,-2430000000.0,34.464669860550245,49.476624149185255,-175.59791985350464
2.568,-360000000.0,34.44889949524953,49.47674332213616,-175.5988704092944
2.572,-3530000000.0,34.42787234151524,49.47690220728784,-175.60013782420984
2.575,-4990000000.0,34.41210197621453,49.47702136206437,-175.60108839079288
2.579,-4700000000.0,34.39107482248024,49.47718022298328,-175.60235582009847
2.585,222000000.0,34.359534091878814,49.47741848839749,-175.60425697947298
2.589,1190000000.0,34.33850693814453,49.477577314697264,-175.60552442933258
2.592,82300000.0,34.322736572843816,49.477696425334386,-175.60647502212203
2.595,3180000000.0,34.306966207543105,49.47781552818197,-175.60742561953526
2.599,3510000000.0,34.28593905380882,49.47797431986157,-175.60869308994504
2.602,2120000000.0,34.27016868850811,49.47809340453328,-175.6096436981461
2.605,2520000000.0,34.25439832320739,49.47821248141523,-175.6105943109701
2.609,4640000000.0,34.2333711694731,49.47837123847359,-175.61186180192618
2.612,-418000000.0,34.21760080417239,49.478490297179114,-175.61281242553596
2.616,-7340000000.0,34.196573650438104,49.47864903000199,-175.61407993087218
2.619,631000000.0,34.18080328513739,49.478768070530705,-175.61503056526638
2.622,3140000000.0,34.16503291983668,49.478887103269244,-175.61598120428198
2.626,3070000000.0,34.14400576610239,49.47904580146912,-175.61724873015797
2.629,775000000.0,34.12823540080168,49.479164816030305,-175.61819937995594
2.632,1090000000.0,34.11246503550097,49.47928382280108,-175.6191500343745
2.636,5750000000.0,34.09143788176668,49.4794424863769,-175.6204175807864
2.639,4660000000.0,34.07566751646597,49.47956147496977,-175.62136824598528
2.643,1550000000.0,34.05464036273168,49.47972011430812,-175.62263580676998
2.646,3330000000.0,34.03886999743097,49.479839084722705,-175.62358648274778
2.649,3790000000.0,34.023099632130254,49.47995804734648,-175.6245371633447
2.653,290000000.0,34.00207247839597,49.480116652059,-175.62580474465872
2.656,-802000000.0,33.986302113095256,49.480235596503945,-175.62675543603254
2.66,4780000000.0,33.96527495936097,49.48039417697776,-175.62802303171478
2.663,2640000000.0,33.94950459406026,49.48051310324348,-175.62897373386403
2.666,1620000000.0,33.93373422875954,49.48063202171798,-175.62992444063093
2.67,4390000000.0,33.91270707502525,49.48079056756419,-175.63119205683597
2.673,2310000000.0,33.89693670972454,49.480909467858915,-175.6321427743763
2.68,6570000000.0,33.860139190689544,49.48118687157975,-175.6343611332573
2.683,6020000000.0,33.84436882538883,49.48130574590271,-175.6353118661858
2.687,2290000000.0,33.823341671654546,49.48146423287959,-175.6365795172707
2.69,754000000.0,33.80757130635383,49.481583089021846,-175.63753026096916
2.693,2470000000.0,33.79180094105312,49.48170193737226,-175.6384810092829
2.697,1800000000.0,33.77077378731883,49.4818603897187,-175.63974868088013
2.7,3290000000.0,33.75500342201811,49.48197921988786,-175.64069943996185
2.703,3560000000.0,33.73923305671741,49.48209804226492,-175.641650203658
2.707,6150000000.0,33.718205902983115,49.482256459979894,-175.64291789576367
2.71,1610000000.0,33.702435537682405,49.48237526417517,-175.64386867022574
2.713,-1010000000.0,33.68666517238169,49.482494060578134,-175.64481944930134
2.717,64900000.0,33.66563801864741,49.48265244366056,-175.64608716191165
2.72,3580000000.0,33.649867653346696,49.48277122188118,-175.64703795175114
2.724,1040000000.0,33.6288404996124,49.48292958072023,-175.64830567871238
2.727,-183000000.0,33.6130701343117,49.483048340758096,-175.64925647931437
2.73,-806000000.0,33.597299769010974,49.48316709300327,-175.65020728452845
2.734,1740000000.0,33.57627261527669,49.48332541720801,-175.6514750319877
2.737,932000000.0,33.56050224997598,49.48344415126989,-175.65242584796223
2.74,-1740000000.0,33.54473188467526,49.483562877538816,-175.6533766685479
2.744,780000000.0,33.523704730940985,49.48372116710822,-175.65464443650137
2.751,-2190000000.0,33.48690721190599,49.48399814051736,-175.65686305014256
2.754,3950000000.0,33.47113684660527,49.48411683041824,-175.6578138922437
2.757,2300000000.0,33.45536648130455,49.484235512525764,-175.65876473895455
2.761,-4650000000.0,33.43433932757027,49.4843937432127,-175.6600325417392
2.764,1020000000.0,33.41856896226956,49.48451240713546,-175.660983399205
2.768,1620000000.0,33.39754180853527,49.48467061357578,-175.6622512163287
2.771,5220000000.0,33.381771443234555,49.48478925931341,-175.6632020845481
2.774,5430000000.0,33.36600107793384,49.48490789725727,-175.6641529573757
2.778,7920000000.0,33.34497392419956,49.48506606905871,-175.6654207949804
2.781,5550000000.0,33.32920355889885,49.48518468881688,-175.66637167855956
2.784,533000000.0,33.31343319359812,49.48530330078108,-175.66732256674604
2.788,-1350000000.0,33.29240603986385,49.485461437942575,-175.66859042482793
2.791,878000000.0,33.276635674563124,49.48558003172053,-175.6695413237639
2.795,2160000000.0,33.255608520828844,49.485738144633444,-175.6708091961775
2.798,-2020000000.0,33.23983815552813,49.48585672022477,-175.67176010586155
2.801,-2570000000.0,33.22406779022741,49.48597528802172,-175.67271102015147
2.805,-2770000000.0,33.20304063649313,49.48613336629292,-175.67397891303565
2.808,-2420000000.0,33.18727027119241,49.48625191590269,-175.67492983807165
2.815,-3760000000.0,33.15047275215742,49.48652850134629,-175.6771486810635
2.818,240000000.0,33.1347023868567,49.48664702497372,-175.6780996214485
2.821,1150000000.0,33.118932021555985,49.486765540806296,-175.67905056643764
2.825,56100000.0,33.0979048678217,49.486923549790944,-175.6803185002514
2.828,649000000.0,33.08213450252099,49.48704204743527,-175.68126945598252
2.832,-738000000.0,33.061107348786706,49.487200032168644,-175.6825374041179
2.835,-944000000.0,33.04533698348599,49.4873185116243,-175.6834883705896
2.838,1380000000.0,33.02956661818527,49.4874369832847,-175.68443934166393
2.842,2180000000.0,33.008539464451,49.48759493337252,-175.6857073102556
2.845,859000000.0,32.99276909915027,49.48771338684374,-175.68665829206844
2.848,-2330000000.0,32.97699873384956,49.487831832519454,-175.68760927848308
2.852,-192000000.0,32.955971580115275,49.487989747960654,-175.68887726752718
2.855,729000000.0,32.940201214814564,49.48810817544662,-175.6898282646783
2.859,827000000.0,32.919174061080284,49.488266066634566,-175.69109626803674
2.862,2340000000.0,32.90340369577956,49.48838447593042,-175.69204727592293
2.865,4660000000.0,32.88763333047885,49.48850287743039,-175.69299828840946
2.869,318000000.0,32.86660617674456,49.488660733969944,-175.69426631221373
2.872,944000000.0,32.85083581144385,49.48877911727924,-175.69521733543323
2.876,2460000000.0,32.82980865770957,49.48893694956432,-175.69648537354726
2.879,439000000.0,32.81403829240885,49.48905531468255,-175.69743640749843
2.882,-668000000.0,32.79826792710814,49.4891736720045,-175.6983874460484
2.886,4120000000.0,32.77724077337385,49.48933146963942,-175.69965550460165
2.889,3390000000.0,32.761470408073144,49.48944980876976,-175.7006065538812
2.892,-393000000.0,32.74570004277243,49.48956814010359,-175.7015576077587
2.896,1920000000.0,32.72467288903814,49.48972590308731,-175.7028256867473
2.899,-849000000.0,32.70890252373743,49.489844216228995,-175.70377675135236
2.899,-849000000.0,32.70890252373743,49.489844216228995,-175.70377675135236
